A Cloud in Trousers	https://en.wikipedia.org/wiki/A_Cloud_in_Trousers
Aenon	https://en.wikipedia.org/wiki/%C3%86non
Agnus Dei (Zurbarán)	https://en.wikipedia.org/wiki/Agnus_Dei_(Zurbar%C3%A1n)
Agony in the Garden	https://en.wikipedia.org/wiki/Agony_in_the_Garden
Al-Eizariya (Bethany)	https://en.wikipedia.org/wiki/Al-Eizariya
Al-Maghtas	https://en.wikipedia.org/wiki/Al-Maghtas
Al-Tufula Center	https://en.wikipedia.org/wiki/Al-Tufula_Center
Anbandidi Gospel	https://en.wikipedia.org/wiki/Anbandidi_Gospel
Andrew the Apostle	https://en.wikipedia.org/wiki/Andrew_the_Apostle
Anointing of Jesus	https://en.wikipedia.org/wiki/Anointing_of_Jesus
Ante Christum natum	https://en.wikipedia.org/wiki/Ante_Christum_natum
Antisemitism in the Gospel of John	https://en.wikipedia.org/wiki/Antisemitism_in_the_Gospel_of_John
Apocalypse of John Chrysostom	https://en.wikipedia.org/wiki/Apocalypse_of_John_Chrysostom
Apocalypse of Thomas	https://en.wikipedia.org/wiki/Apocalypse_of_Thomas
Apostolic Canons	https://en.wikipedia.org/wiki/Apostolic_Canons
Apostolic Church-Ordinance	https://en.wikipedia.org/wiki/Apostolic_Church-Ordinance
Arab Orchestra of Nazareth	https://en.wikipedia.org/wiki/Arab_Orchestra_of_Nazareth
Armenian Infancy Gospel	https://en.wikipedia.org/wiki/Armenian_Infancy_Gospel
Arrest of Jesus	https://en.wikipedia.org/wiki/Arrest_of_Jesus
Ascension of Isaiah	https://en.wikipedia.org/wiki/Ascension_of_Isaiah
Ascension of Jesus	https://en.wikipedia.org/wiki/Ascension_of_Jesus
Augustus	https://en.wikipedia.org/wiki/Augustus
Averoldi Polyptych	https://en.wikipedia.org/wiki/Averoldi_Polyptych
Baptism of Jesus	https://en.wikipedia.org/wiki/Baptism_of_Jesus
Bargain of Judas	https://en.wikipedia.org/wiki/Bargain_of_Judas
Bartholomew the Apostle	https://en.wikipedia.org/wiki/Bartholomew_the_Apostle
Beatitudes	https://en.wikipedia.org/wiki/Beatitudes
Beheading of John the Baptist	https://en.wikipedia.org/wiki/Beheading_of_John_the_Baptist
Bet Lahem Live Festival	https://en.wikipedia.org/wiki/Bet_Lahem_Live_Festival
Bethabara	https://en.wikipedia.org/wiki/Bethabara
Bethany	https://en.wikipedia.org/wiki/Bethany
Bethlehem	https://en.wikipedia.org/wiki/Bethlehem
Bethphage	https://en.wikipedia.org/wiki/Bethphage
Bethsaida	https://en.wikipedia.org/wiki/Bethsaida
Biblical Magi	https://en.wikipedia.org/wiki/Biblical_Magi
Blind man of Bethsaida	https://en.wikipedia.org/wiki/Blind_man_of_Bethsaida
Book of Signs	https://en.wikipedia.org/wiki/Book_of_Signs
Book of Thomas the Contender	https://en.wikipedia.org/wiki/Book_of_Thomas_the_Contender
Book of the Cock	https://en.wikipedia.org/wiki/Book_of_the_Cock
Books of Jeu	https://en.wikipedia.org/wiki/Books_of_Jeu
Bread of Life Discourse	https://en.wikipedia.org/wiki/Bread_of_Life_Discourse
British Library Or 4926	https://en.wikipedia.org/wiki/British_Library_Or_4926
Brothers of Jesus	https://en.wikipedia.org/wiki/Brothers_of_Jesus
Caesarea Maritima	https://en.wikipedia.org/wiki/Caesarea_Maritima
Caesarea Philippi	https://en.wikipedia.org/wiki/Caesarea_Philippi
Caesarea Phillippi	https://en.wikipedia.org/wiki/Caesarea_Phillippi
Caiaphas	https://en.wikipedia.org/wiki/Caiaphas
Calling of Matthew	https://en.wikipedia.org/wiki/Calling_of_Matthew
Calling of the disciples	https://en.wikipedia.org/wiki/Calling_of_the_disciples
Calming the storm	https://en.wikipedia.org/wiki/Calming_the_storm
Calvary	https://en.wikipedia.org/wiki/Calvary
Cana	https://en.wikipedia.org/wiki/Cana
Capernaum	https://en.wikipedia.org/wiki/Capernaum
Case sensitivity	https://en.wikipedia.org/wiki/Case_sensitivity
Cave of Treasures	https://en.wikipedia.org/wiki/Cave_of_Treasures
Census of Quirinius	https://en.wikipedia.org/wiki/Census_of_Quirinius
Charlotte Hussey (researcher)	https://en.wikipedia.org/wiki/Charlotte_Hussey_(researcher)
Chorazin	https://en.wikipedia.org/wiki/Chorazin
Christ Child	https://en.wikipedia.org/wiki/Christ_Child
Christ Healing the Blind (Champaigne)	https://en.wikipedia.org/wiki/Christ_Healing_the_Blind_(Champaigne)
Christ myth theory	https://en.wikipedia.org/wiki/Christ_myth_theory
Christ's discourse with Nicodemus	https://en.wikipedia.org/wiki/Christ%27s_discourse_with_Nicodemus
Chronology of Jesus	https://en.wikipedia.org/wiki/Chronology_of_Jesus
Church of the Beatitudes	https://en.wikipedia.org/wiki/Church_of_the_Beatitudes
Church of the Holy Sepulchre	https://en.wikipedia.org/wiki/Church_of_the_Holy_Sepulchre
Church of the Nativity	https://en.wikipedia.org/wiki/Church_of_the_Nativity
City upon a Hill	https://en.wikipedia.org/wiki/City_upon_a_Hill
Cleansing of the Temple	https://en.wikipedia.org/wiki/Cleansing_of_the_Temple
Cleansing ten lepers	https://en.wikipedia.org/wiki/Cleansing_ten_lepers
Cleopas	https://en.wikipedia.org/wiki/Cleopas
Clopas	https://en.wikipedia.org/wiki/Clopas
Codex Hierosolymitanus	https://en.wikipedia.org/wiki/Codex_Hierosolymitanus
Codex Sabaiticus	https://en.wikipedia.org/wiki/Codex_Sabaiticus
Codex Sinaiticus Rescriptus	https://en.wikipedia.org/wiki/Codex_Sinaiticus_Rescriptus
Coin in the fish's mouth	https://en.wikipedia.org/wiki/Coin_in_the_fish%27s_mouth
Commissioning of the Twelve Apostles	https://en.wikipedia.org/wiki/Commissioning_of_the_Twelve_Apostles
Community of goods of the early church of Jerusalem	https://en.wikipedia.org/wiki/Community_of_goods_of_the_early_church_of_Jerusalem
Concept of Our Great Power	https://en.wikipedia.org/wiki/Concept_of_Our_Great_Power
Confession of Peter	https://en.wikipedia.org/wiki/Confession_of_Peter
Counting the cost	https://en.wikipedia.org/wiki/Counting_the_cost
Cremisan Valley	https://en.wikipedia.org/wiki/Cremisan_Valley
Crown of thorns	https://en.wikipedia.org/wiki/Crown_of_thorns
Crucifixion darkness	https://en.wikipedia.org/wiki/Crucifixion_darkness
Crucifixion of Jesus	https://en.wikipedia.org/wiki/Crucifixion_of_Jesus
Cura sanitatis Tiberii	https://en.wikipedia.org/wiki/Cura_sanitatis_Tiberii
Cursing of the fig tree	https://en.wikipedia.org/wiki/Cursing_of_the_fig_tree
Date of the birth of Jesus	https://en.wikipedia.org/wiki/Date_of_the_birth_of_Jesus
Decapolis	https://en.wikipedia.org/wiki/Decapolis
Denial of Peter	https://en.wikipedia.org/wiki/Denial_of_Peter
Depiction of Jesus	https://en.wikipedia.org/wiki/Depiction_of_Jesus
Descent of Mary	https://en.wikipedia.org/wiki/Descent_of_Mary
Diatessaron	https://en.wikipedia.org/wiki/Diatessaron
Didache	https://en.wikipedia.org/wiki/Didache
Didascalia Apostolorum	https://en.wikipedia.org/wiki/Didascalia_Apostolorum
Disciple (Christianity)	https://en.wikipedia.org/wiki/Disciple_(Christianity)
Disciple whom Jesus loved	https://en.wikipedia.org/wiki/Disciple_whom_Jesus_loved
Disciples of Jesus in Islam	https://en.wikipedia.org/wiki/Disciples_of_Jesus_in_Islam
Discourse on Defilement	https://en.wikipedia.org/wiki/Discourse_on_Defilement
Doubting Thomas	https://en.wikipedia.org/wiki/Doubting_Thomas
EMMS Nazareth Hospital	https://en.wikipedia.org/wiki/EMMS_Nazareth_Hospital
Eagle of Saint John	https://en.wikipedia.org/wiki/Eagle_of_Saint_John
Ecce homo	https://en.wikipedia.org/wiki/Ecce_homo
Edward Said National Conservatory of Music	https://en.wikipedia.org/wiki/Edward_Said_National_Conservatory_of_Music
Egypt	https://en.wikipedia.org/wiki/Egypt
Elizabeth, mother of John the Baptist	https://en.wikipedia.org/wiki/Elizabeth,_mother_of_John_the_Baptist
Emerentia	https://en.wikipedia.org/wiki/Emerentia
Emmaus	https://en.wikipedia.org/wiki/Emmaus
Ephraim in the wilderness	https://en.wikipedia.org/wiki/Ephraim_in_the_wilderness
Epistula Apostolorum	https://en.wikipedia.org/wiki/Epistula_Apostolorum
Epistula ad Carpianum	https://en.wikipedia.org/wiki/Epistula_ad_Carpianum
Ethiopian manuscript collections	https://en.wikipedia.org/wiki/Ethiopian_manuscript_collections
Eusebian Canons	https://en.wikipedia.org/wiki/Eusebian_Canons
Evangelical counsels	https://en.wikipedia.org/wiki/Evangelical_counsels
Exorcism of the Gerasene demoniac	https://en.wikipedia.org/wiki/Exorcism_of_the_Gerasene_demoniac
Exorcism of the Syrophoenician woman's daughter	https://en.wikipedia.org/wiki/Exorcism_of_the_Syrophoenician_woman's_daughter
Eye of a needle	https://en.wikipedia.org/wiki/Eye_of_a_needle
False prophet	https://en.wikipedia.org/wiki/False_prophet
Farewell Discourse	https://en.wikipedia.org/wiki/Farewell_Discourse
Fasting spittle	https://en.wikipedia.org/wiki/Fasting_spittle
Feast of the Ass	https://en.wikipedia.org/wiki/Feast_of_the_Ass
Feast of the Circumcision of Christ	https://en.wikipedia.org/wiki/Feast_of_the_Circumcision_of_Christ
Feeding the multitude	https://en.wikipedia.org/wiki/Feeding_the_multitude
Finding in the Temple	https://en.wikipedia.org/wiki/Finding_in_the_Temple
Flag of the Anglican Communion	https://en.wikipedia.org/wiki/Flag_of_the_Anglican_Communion
Flight into Egypt	https://en.wikipedia.org/wiki/Flight_into_Egypt
Flight to Egypt	https://en.wikipedia.org/wiki/Flight_to_Egypt
Four Evangelists	https://en.wikipedia.org/wiki/Four_Evangelists
Four Gospels (disambiguation)	https://en.wikipedia.org/wiki/Four_Gospels_(disambiguation)
Gabbatha	https://en.wikipedia.org/wiki/Gabbatha
Gadara	https://en.wikipedia.org/wiki/Gadara
Galilee	https://en.wikipedia.org/wiki/Galilee
Gelasian Decree	https://en.wikipedia.org/wiki/Gelasian_Decree
Genealogy of Jesus	https://en.wikipedia.org/wiki/Genealogy_of_Jesus
Gennesaret (Kinneret archaeological site)	https://en.wikipedia.org/wiki/Kinneret_(archaeological_site)
Gergesa	https://en.wikipedia.org/wiki/Gergesa
Gethsemane	https://en.wikipedia.org/wiki/Gethsemane
Golden Rule	https://en.wikipedia.org/wiki/Golden_Rule
Good Shepherd	https://en.wikipedia.org/wiki/Good_Shepherd
Gospel	https://en.wikipedia.org/wiki/Gospel
Gospel (liturgy)	https://en.wikipedia.org/wiki/Gospel_(liturgy)
Gospel harmony	https://en.wikipedia.org/wiki/Gospel_harmony
Gospel of Andrew	https://en.wikipedia.org/wiki/Gospel_of_Andrew
Gospel of Barnabas	https://en.wikipedia.org/wiki/Gospel_of_Barnabas
Gospel of Bartholomew	https://en.wikipedia.org/wiki/Gospel_of_Bartholomew
Gospel of Basilides	https://en.wikipedia.org/wiki/Gospel_of_Basilides
Gospel of Cerinthus	https://en.wikipedia.org/wiki/Gospel_of_Cerinthus
Gospel of James	https://en.wikipedia.org/wiki/Gospel_of_James
Gospel of John	https://en.wikipedia.org/wiki/Gospel_of_John
Gospel of Josephus	https://en.wikipedia.org/wiki/Gospel_of_Josephus
Gospel of Judas	https://en.wikipedia.org/wiki/Gospel_of_Judas
Gospel of Luke	https://en.wikipedia.org/wiki/Gospel_of_Luke
Gospel of Mani	https://en.wikipedia.org/wiki/Gospel_of_Mani
Gospel of Marcion	https://en.wikipedia.org/wiki/Gospel_of_Marcion
Gospel of Mark	https://en.wikipedia.org/wiki/Gospel_of_Mark
Gospel of Mary	https://en.wikipedia.org/wiki/Gospel_of_Mary
Gospel of Matthew	https://en.wikipedia.org/wiki/Gospel_of_Matthew
Gospel of Matthias	https://en.wikipedia.org/wiki/Gospel_of_Matthias
Gospel of Nicodemus	https://en.wikipedia.org/wiki/Gospel_of_Nicodemus
Gospel of Philip	https://en.wikipedia.org/wiki/Gospel_of_Philip
Gospel of Thomas	https://en.wikipedia.org/wiki/Gospel_of_Thomas
Gospel of Truth	https://en.wikipedia.org/wiki/Gospel_of_Truth
Gospel of the Saviour	https://en.wikipedia.org/wiki/Gospel_of_the_Saviour
Gospels	https://en.wikipedia.org/wiki/Gospels
Great Commandment	https://en.wikipedia.org/wiki/Great_Commandment
Great Commission	https://en.wikipedia.org/wiki/Great_Commission
Great Gospel of John	https://en.wikipedia.org/wiki/Great_Gospel_of_John
Greek Gospel of the Egyptians	https://en.wikipedia.org/wiki/Greek_Gospel_of_the_Egyptians
Healing a man with dropsy	https://en.wikipedia.org/wiki/Healing_a_man_with_dropsy
Healing of the centurion's servant	https://en.wikipedia.org/wiki/Healing_of_the_centurion%27s_servant
Healing the blind near Jericho	https://en.wikipedia.org/wiki/Healing_the_blind_near_Jericho
Healing the deaf mute of Decapolis	https://en.wikipedia.org/wiki/Healing_the_deaf_mute_of_Decapolis
Healing the ear of a servant	https://en.wikipedia.org/wiki/Healing_the_ear_of_a_servant
Healing the man blind from birth	https://en.wikipedia.org/wiki/Healing_the_man_blind_from_birth
Healing the man with a withered hand	https://en.wikipedia.org/wiki/Healing_the_man_with_a_withered_hand
Healing the mother of Peter's wife	https://en.wikipedia.org/wiki/Healing_the_mother_of_Peter%27s_wife
Healing the paralytic at Bethesda	https://en.wikipedia.org/wiki/Healing_the_paralytic_at_Bethesda
Healing the paralytic at Capernaum	https://en.wikipedia.org/wiki/Healing_the_paralytic_at_Capernaum
Healing the royal official's son	https://en.wikipedia.org/wiki/Healing_the_royal_official%27s_son
Healing the two blind men in Galilee	https://en.wikipedia.org/wiki/Healing_the_two_blind_men_in_Galilee
Heli (biblical figure)	https://en.wikipedia.org/wiki/Heli_(biblical_figure)
Herod Antipas	https://en.wikipedia.org/wiki/Herod_Antipas
Herod the Great	https://en.wikipedia.org/wiki/Herod_the_Great
Herodians	https://en.wikipedia.org/wiki/Herodians
Historical reliability of the Gospels	https://en.wikipedia.org/wiki/Historical_reliability_of_the_Gospels
Historicity of Jesus	https://en.wikipedia.org/wiki/Historicity_of_Jesus
Historicity of the Gospels	https://en.wikipedia.org/wiki/Historicity_of_the_Gospels
Holy Family	https://en.wikipedia.org/wiki/Holy_Family
Holy Kinship	https://en.wikipedia.org/wiki/Holy_Kinship
Holy Lance	https://en.wikipedia.org/wiki/Holy_Lance
Holy Prepuce	https://en.wikipedia.org/wiki/Holy_Prepuce
Holy Sponge	https://en.wikipedia.org/wiki/Holy_Sponge
Holy obedience	https://en.wikipedia.org/wiki/Holy_obedience
Homelessness of Jesus	https://en.wikipedia.org/wiki/Homelessness_of_Jesus
Hour of Mercy	https://en.wikipedia.org/wiki/Hour_of_Mercy
Humiliation of Christ	https://en.wikipedia.org/wiki/Humiliation_of_Christ
Hymn of the Pearl	https://en.wikipedia.org/wiki/Hymn_of_the_Pearl
I Know That My Redeemer Lives	https://en.wikipedia.org/wiki/I_Know_That_My_Redeemer_Lives
I am (biblical term)	https://en.wikipedia.org/wiki/I_am_(biblical_term)
Infancy gospels	https://en.wikipedia.org/wiki/Infancy_gospels
Investiture of Abbaton	https://en.wikipedia.org/wiki/Investiture_of_Abbaton
Investiture of the Archangel Gabriel	https://en.wikipedia.org/wiki/Investiture_of_the_Archangel_Gabriel
Iphtahel	https://en.wikipedia.org/wiki/Iphtahel
Jacob's Well	https://en.wikipedia.org/wiki/Jacob's_Well
James the Great	https://en.wikipedia.org/wiki/James_the_Great
James the Less	https://en.wikipedia.org/wiki/James_the_Less
James, brother of Jesus	https://en.wikipedia.org/wiki/James,_brother_of_Jesus
James, son of Alphaeus	https://en.wikipedia.org/wiki/James,_son_of_Alphaeus
Jerash	https://en.wikipedia.org/wiki/Jerash
Jericho	https://en.wikipedia.org/wiki/Jericho
Jerusalem	https://en.wikipedia.org/wiki/Jerusalem
Jesuism	https://en.wikipedia.org/wiki/Jesuism
Jesus	https://en.wikipedia.org/wiki/Jesus
Jesus Trail	https://en.wikipedia.org/wiki/Jesus_Trail
Jesus and the rich young man	https://en.wikipedia.org/wiki/Jesus_and_the_rich_young_man
Jesus and the woman taken in adultery	https://en.wikipedia.org/wiki/Jesus_and_the_woman_taken_in_adultery
Jesus at Herod's court	https://en.wikipedia.org/wiki/Jesus_at_Herod%27s_court
Jesus at the home of Martha and Mary	https://en.wikipedia.org/wiki/Jesus_at_the_home_of_Martha_and_Mary
Jesus bloodline	https://en.wikipedia.org/wiki/Jesus_bloodline
Jesus cleansing a leper	https://en.wikipedia.org/wiki/Jesus_cleansing_a_leper
Jesus healing an infirm woman	https://en.wikipedia.org/wiki/Jesus_healing_an_infirm_woman
Jesus healing in the land of Gennesaret	https://en.wikipedia.org/wiki/Jesus_healing_in_the_land_of_Gennesaret
Jesus healing the bleeding woman	https://en.wikipedia.org/wiki/Jesus_healing_the_bleeding_woman
Jesus in Christianity	https://en.wikipedia.org/wiki/Jesus_in_Christianity
Jesus in the synagogue of Capernaum	https://en.wikipedia.org/wiki/Jesus_in_the_synagogue_of_Capernaum
Jesus preaches in a ship	https://en.wikipedia.org/wiki/Jesus_preaches_in_a_ship
Jesus predicts his death	https://en.wikipedia.org/wiki/Jesus_predicts_his_death
Jesus walking on water	https://en.wikipedia.org/wiki/Jesus_walking_on_water
Jesus wept	https://en.wikipedia.org/wiki/Jesus_wept
Jesus' authority questioned	https://en.wikipedia.org/wiki/Jesus%27_authority_questioned
Jesus' true relatives	https://en.wikipedia.org/wiki/Jesus%27_true_relatives
Jesus's interactions with women	https://en.wikipedia.org/wiki/Jesus%27s_interactions_with_women
Joachim	https://en.wikipedia.org/wiki/Joachim
Joanna, wife of Chuza	https://en.wikipedia.org/wiki/Joanna,_wife_of_Chuza
Johannine community	https://en.wikipedia.org/wiki/Johannine_community
John 18:38	https://en.wikipedia.org/wiki/John_18:38
John the Apostle	https://en.wikipedia.org/wiki/John_the_Apostle
John the Baptist	https://en.wikipedia.org/wiki/John_the_Baptist
Jordan River	https://en.wikipedia.org/wiki/Jordan_River
Joseph of Arimathea	https://en.wikipedia.org/wiki/Joseph_of_Arimathea
Josephus on Jesus	https://en.wikipedia.org/wiki/Josephus_on_Jesus
Joses	https://en.wikipedia.org/wiki/Joses
Judah Kyriakos	https://en.wikipedia.org/wiki/Judah_Kyriakos
Judas Iscariot	https://en.wikipedia.org/wiki/Judas_Iscariot
Judas the Zealot	https://en.wikipedia.org/wiki/Judas_the_Zealot
Jude Thaddeus the Apostle	https://en.wikipedia.org/wiki/Jude_Thaddeus_the_Apostle
Jude, brother of Jesus	https://en.wikipedia.org/wiki/Jude,_brother_of_Jesus
Khirbat Karraza	https://en.wikipedia.org/wiki/Khirbat_Karraza
Kidron Valley	https://en.wikipedia.org/wiki/Kidron_Valley
Kiss of Judas	https://en.wikipedia.org/wiki/Kiss_of_Judas
Koinonos	https://en.wikipedia.org/wiki/Koinonos
Lamp under a bushel	https://en.wikipedia.org/wiki/Lamp_under_a_bushel
Las Posadas	https://en.wikipedia.org/wiki/Las_Posadas
Last Gospel	https://en.wikipedia.org/wiki/Last_Gospel
Last Supper	https://en.wikipedia.org/wiki/Last_Supper
Lazarus of Bethany	https://en.wikipedia.org/wiki/Lazarus_of_Bethany
Lesson of the widow's mite	https://en.wikipedia.org/wiki/Lesson_of_the_widow%27s_mite
Letter of Herod to Pilate	https://en.wikipedia.org/wiki/Letter_of_Herod_to_Pilate
Letter of Lentulus	https://en.wikipedia.org/wiki/Letter_of_Lentulus
Letter of Pilate to Claudius	https://en.wikipedia.org/wiki/Letter_of_Pilate_to_Claudius
Letter of Pilate to Herod	https://en.wikipedia.org/wiki/Letter_of_Pilate_to_Herod
Letter of Pilate to Tiberius	https://en.wikipedia.org/wiki/Letter_of_Pilate_to_Tiberius
Letter of Tiberius to Pilate	https://en.wikipedia.org/wiki/Letter_of_Tiberius_to_Pilate
Life of Jesus	https://en.wikipedia.org/wiki/Life_of_Jesus
Life of John the Baptist	https://en.wikipedia.org/wiki/Life_of_John_the_Baptist
Light of Christ	https://en.wikipedia.org/wiki/Light_of_Christ
Light of the World	https://en.wikipedia.org/wiki/Light_of_the_World
List of Hebrew place names	https://en.wikipedia.org/wiki/List_of_Hebrew_place_names
List of books about Jesus	https://en.wikipedia.org/wiki/List_of_books_about_Jesus
List of gospels	https://en.wikipedia.org/wiki/List_of_gospels
List of statues of Jesus	https://en.wikipedia.org/wiki/List_of_statues_of_Jesus
Logos (Christianity)	https://en.wikipedia.org/wiki/Logos_(Christianity)
Lord of the Sabbath	https://en.wikipedia.org/wiki/Lord_of_the_Sabbath
Lord's Prayer	https://en.wikipedia.org/wiki/Lord%27s_Prayer
Luke 22:43–44	https://en.wikipedia.org/wiki/Luke_22:43%E2%80%9344
Lux in Tenebris	https://en.wikipedia.org/wiki/Lux_in_Tenebris
Magdala	https://en.wikipedia.org/wiki/Magdala
Malchus	https://en.wikipedia.org/wiki/Malchus
Manger Square	https://en.wikipedia.org/wiki/Manger_Square
Mansions of Rastafari	https://en.wikipedia.org/wiki/Mansions_of_Rastafari
Mara bar Serapion on Jesus	https://en.wikipedia.org/wiki/Mara_bar_Serapion_on_Jesus
Marcella of Marseille	https://en.wikipedia.org/wiki/Marcella_of_Marseille
Marriage at Cana	https://en.wikipedia.org/wiki/Marriage_at_Cana
Martha	https://en.wikipedia.org/wiki/Martha
Mary Magdalene	https://en.wikipedia.org/wiki/Mary_Magdalene
Mary of Bethany	https://en.wikipedia.org/wiki/Mary_of_Bethany
Mary of Clopas	https://en.wikipedia.org/wiki/Mary_of_Clopas
Mary, mother of James	https://en.wikipedia.org/wiki/Mary,_mother_of_James
Mary, mother of Jesus	https://en.wikipedia.org/wiki/Mary,_mother_of_Jesus
Matthew 1:13	https://en.wikipedia.org/wiki/Matthew_1:13
Matthew 1:14	https://en.wikipedia.org/wiki/Matthew_1:14
Matthew 1:15	https://en.wikipedia.org/wiki/Matthew_1:15
Matthew 1:16	https://en.wikipedia.org/wiki/Matthew_1:16
Matthew 1:6	https://en.wikipedia.org/wiki/Matthew_1:6
Matthew 1:7	https://en.wikipedia.org/wiki/Matthew_1:7
Matthew 6:34	https://en.wikipedia.org/wiki/Matthew_6:34
Matthew the Apostle	https://en.wikipedia.org/wiki/Matthew_the_Apostle
Matthias the Apostle	https://en.wikipedia.org/wiki/Matthias_the_Apostle
Maundy (foot washing)	https://en.wikipedia.org/wiki/Maundy_(foot_washing)
Messengers from John the Baptist	https://en.wikipedia.org/wiki/Messengers_from_John_the_Baptist
Ministry of Jesus	https://en.wikipedia.org/wiki/Ministry_of_Jesus
Miracles of Jesus	https://en.wikipedia.org/wiki/Miracles_of_Jesus
Miraculous catch of fish	https://en.wikipedia.org/wiki/Miraculous_catch_of_fish
Mocking of Jesus	https://en.wikipedia.org/wiki/Mocking_of_Jesus
Monastery Saint Claire (Nazareth)	https://en.wikipedia.org/wiki/Monastery_Saint_Claire_(Nazareth)
Monogenēs	https://en.wikipedia.org/wiki/Monogen%C4%93s
Mors Pilati	https://en.wikipedia.org/wiki/Mors_Pilati
Mount Tabor	https://en.wikipedia.org/wiki/Mount_Tabor
Mount of Beatitudes	https://en.wikipedia.org/wiki/Mount_of_Beatitudes
Mount of Olives	https://en.wikipedia.org/wiki/Mount_of_Olives
Mount of Temptation	https://en.wikipedia.org/wiki/Mount_of_Temptation
Mount of Transfiguration	https://en.wikipedia.org/wiki/Mount_of_Transfiguration
Myrrhbearers	https://en.wikipedia.org/wiki/Myrrhbearers
Nag Hammadi Codex II	https://en.wikipedia.org/wiki/Nag_Hammadi_Codex_II
Nag Hammadi Codex XIII	https://en.wikipedia.org/wiki/Nag_Hammadi_Codex_XIII
Nag Hammadi library	https://en.wikipedia.org/wiki/Nag_Hammadi_library
Nain, Israel	https://en.wikipedia.org/wiki/Nain,_Israel
Naked fugitive	https://en.wikipedia.org/wiki/Naked_fugitive
Names and titles of Jesus in the New Testament	https://en.wikipedia.org/wiki/Names_and_titles_of_Jesus_in_the_New_Testament
Nathanael (follower of Jesus)	https://en.wikipedia.org/wiki/Nathanael_(follower_of_Jesus)
Nativity of Jesus	https://en.wikipedia.org/wiki/Nativity_of_Jesus
Nazarene (title)	https://en.wikipedia.org/wiki/Nazarene_(title)
Nazareth	https://en.wikipedia.org/wiki/Nazareth
Nein	https://en.wikipedia.org/wiki/Nein
New Commandment	https://en.wikipedia.org/wiki/New_Commandment
New Covenant	https://en.wikipedia.org/wiki/New_Covenant
New Testament apocrypha	https://en.wikipedia.org/wiki/New_Testament_apocrypha
New Testament places associated with Jesus	https://en.wikipedia.org/wiki/New_Testament_places_associated_with_Jesus
New Wine into Old Wineskins	https://en.wikipedia.org/wiki/New_Wine_into_Old_Wineskins
Nicodemus	https://en.wikipedia.org/wiki/Nicodemus
Nicodemus ben Gurion	https://en.wikipedia.org/wiki/Nicodemus_ben_Gurion
Noli me tangere	https://en.wikipedia.org/wiki/Noli_me_tangere
Non-canonical books referenced in the Bible	https://en.wikipedia.org/wiki/Non-canonical_books_referenced_in_the_Bible
Ohrid Glagolitic fragments	https://en.wikipedia.org/wiki/Ohrid_Glagolitic_fragments
Olive wood carving in Palestine	https://en.wikipedia.org/wiki/Olive_wood_carving_in_Palestine
Olivet Discourse	https://en.wikipedia.org/wiki/Olivet_Discourse
On the Life and the Passion of Christ	https://en.wikipedia.org/wiki/On_the_Life_and_the_Passion_of_Christ
On the Priesthood of Jesus	https://en.wikipedia.org/wiki/On_the_Priesthood_of_Jesus
Oral gospel traditions	https://en.wikipedia.org/wiki/Oral_gospel_traditions
Ordinalia	https://en.wikipedia.org/wiki/Ordinalia
Origin myth	https://en.wikipedia.org/wiki/Origin_myth
Our Lord's Sermon on the Mount	https://en.wikipedia.org/wiki/Our_Lord%27s_Sermon_on_the_Mount
Outer darkness	https://en.wikipedia.org/wiki/Outer_darkness
Papyrus Oxyrhynchus 1	https://en.wikipedia.org/wiki/Papyrus_Oxyrhynchus_1
Papyrus Oxyrhynchus 654	https://en.wikipedia.org/wiki/Papyrus_Oxyrhynchus_654
Papyrus Oxyrhynchus 655	https://en.wikipedia.org/wiki/Papyrus_Oxyrhynchus_655
Papyrus Oxyrhynchus L 3525	https://en.wikipedia.org/wiki/Papyrus_Oxyrhynchus_L_3525
Papyrus Rylands 463	https://en.wikipedia.org/wiki/Papyrus_Rylands_463
Parable	https://en.wikipedia.org/wiki/Parable
Parable of Drawing in the Net	https://en.wikipedia.org/wiki/Parable_of_Drawing_in_the_Net
Parable of a scribe	https://en.wikipedia.org/wiki/Parable_of_a_scribe
Parable of the Budding Fig Tree	https://en.wikipedia.org/wiki/Parable_of_the_Budding_Fig_Tree
Parable of the Faithful Servant	https://en.wikipedia.org/wiki/Parable_of_the_Faithful_Servant
Parable of the Friend at Night	https://en.wikipedia.org/wiki/Parable_of_the_Friend_at_Night
Parable of the Good Samaritan	https://en.wikipedia.org/wiki/Parable_of_the_Good_Samaritan
Parable of the Great Banquet	https://en.wikipedia.org/wiki/Parable_of_the_Great_Banquet
Parable of the Growing Seed	https://en.wikipedia.org/wiki/Parable_of_the_Growing_Seed
Parable of the Hidden Treasure	https://en.wikipedia.org/wiki/Parable_of_the_Hidden_Treasure
Parable of the Leaven	https://en.wikipedia.org/wiki/Parable_of_the_Leaven
Parable of the Lost Coin	https://en.wikipedia.org/wiki/Parable_of_the_Lost_Coin
Parable of the Lost Sheep	https://en.wikipedia.org/wiki/Parable_of_the_Lost_Sheep
Parable of the Master and Servant	https://en.wikipedia.org/wiki/Parable_of_the_Master_and_Servant
Parable of the Mustard Seed	https://en.wikipedia.org/wiki/Parable_of_the_Mustard_Seed
Parable of the Pearl	https://en.wikipedia.org/wiki/Parable_of_the_Pearl
Parable of the Prodigal Son	https://en.wikipedia.org/wiki/Parable_of_the_Prodigal_Son
Parable of the Rich Fool	https://en.wikipedia.org/wiki/Parable_of_the_Rich_Fool
Parable of the Sower	https://en.wikipedia.org/wiki/Parable_of_the_Sower
Parable of the Strong Man	https://en.wikipedia.org/wiki/Parable_of_the_Strong_Man
Parable of the Talents	https://en.wikipedia.org/wiki/Parable_of_the_Talents
Parable of the Tares	https://en.wikipedia.org/wiki/Parable_of_the_Tares
Parable of the Ten Virgins	https://en.wikipedia.org/wiki/Parable_of_the_Ten_Virgins
Parable of the Two Debtors	https://en.wikipedia.org/wiki/Parable_of_the_Two_Debtors
Parable of the Two Sons	https://en.wikipedia.org/wiki/Parable_of_the_Two_Sons
Parable of the Unforgiving Servant	https://en.wikipedia.org/wiki/Parable_of_the_Unforgiving_Servant
Parable of the Unjust Judge	https://en.wikipedia.org/wiki/Parable_of_the_Unjust_Judge
Parable of the Unjust Steward	https://en.wikipedia.org/wiki/Parable_of_the_Unjust_Steward
Parable of the Wedding Feast	https://en.wikipedia.org/wiki/Parable_of_the_Wedding_Feast
Parable of the Wicked Husbandmen	https://en.wikipedia.org/wiki/Parable_of_the_Wicked_Husbandmen
Parable of the Wise and the Foolish Builders	https://en.wikipedia.org/wiki/Parable_of_the_Wise_and_the_Foolish_Builders
Parable of the Workers in the Vineyard	https://en.wikipedia.org/wiki/Parable_of_the_Workers_in_the_Vineyard
Parable of the assassin	https://en.wikipedia.org/wiki/Parable_of_the_assassin
Parable of the barren fig tree	https://en.wikipedia.org/wiki/Parable_of_the_barren_fig_tree
Parable of the empty jar	https://en.wikipedia.org/wiki/Parable_of_the_empty_jar
Parables of Jesus	https://en.wikipedia.org/wiki/Parables_of_Jesus
Paradosis Pilati	https://en.wikipedia.org/wiki/Paradosis_Pilati
Paschal mystery	https://en.wikipedia.org/wiki/Paschal_mystery
Passiflora	https://en.wikipedia.org/wiki/Passiflora
Passion of Jesus	https://en.wikipedia.org/wiki/Passion_of_Jesus
Penitence of Origen	https://en.wikipedia.org/wiki/Penitence_of_Origen
Penitent thief	https://en.wikipedia.org/wiki/Penitent_thief
Pharisee and the Publican	https://en.wikipedia.org/wiki/Pharisee_and_the_Publican
Philip the Apostle	https://en.wikipedia.org/wiki/Philip_the_Apostle
Pilate cycle	https://en.wikipedia.org/wiki/Pilate_cycle
Pilate stone	https://en.wikipedia.org/wiki/Pilate_stone
Pilate's court	https://en.wikipedia.org/wiki/Pilate%27s_court
Pontius Pilate	https://en.wikipedia.org/wiki/Pontius_Pilate
Pool of Bethesda	https://en.wikipedia.org/wiki/Pool_of_Bethesda
Praetorium	https://en.wikipedia.org/wiki/Praetorium
Prayers of Jesus	https://en.wikipedia.org/wiki/Prayers_of_Jesus
Pre-existence of Christ	https://en.wikipedia.org/wiki/Pre-existence_of_Christ
Preaching of Paul	https://en.wikipedia.org/wiki/Preaching_of_Paul
Procession of the Bom Jesus dos Passos in Macau	https://en.wikipedia.org/wiki/Procession_of_the_Bom_Jesus_dos_Passos_in_Macau
Pseudo-Abdias	https://en.wikipedia.org/wiki/Pseudo-Abdias
Pseudo-Crato	https://en.wikipedia.org/wiki/Pseudo-Crato
Pseudo-Dorotheus	https://en.wikipedia.org/wiki/Pseudo-Dorotheus
Pseudo-Epiphanius	https://en.wikipedia.org/wiki/Pseudo-Epiphanius
Pseudo-Evodius	https://en.wikipedia.org/wiki/Pseudo-Evodius
Pseudo-John	https://en.wikipedia.org/wiki/Pseudo-John
Pseudo-Marcellus	https://en.wikipedia.org/wiki/Pseudo-Marcellus
Pseudo-Melitus	https://en.wikipedia.org/wiki/Pseudo-Melitus
Qasr el-Yahud	https://en.wikipedia.org/wiki/Qasr_el_Yahud
Quod scripsi, scripsi	https://en.wikipedia.org/wiki/Quod_scripsi,_scripsi
Raising of Jairus' daughter	https://en.wikipedia.org/wiki/Raising_of_Jairus%27_daughter
Raising of Lazarus	https://en.wikipedia.org/wiki/Raising_of_Lazarus
Raising of the son of the widow of Nain	https://en.wikipedia.org/wiki/Raising_of_the_son_of_the_widow_of_Nain
Reflections on the Variations, or Inconsistencies, Which Are Found Among the Four Evangelists	https://en.wikipedia.org/wiki/Reflections_on_the_Variations,_or_Inconsistencies,_Which_Are_Found_Among_the_Four_Evangelists
Restoration of Peter	https://en.wikipedia.org/wiki/Restoration_of_Peter
Resurrection	https://en.wikipedia.org/wiki/Resurrection
Resurrection of Jesus	https://en.wikipedia.org/wiki/Resurrection_of_Jesus
Resurrection of Jesus in Christian art	https://en.wikipedia.org/wiki/Resurrection_of_Jesus_in_Christian_art
Return of Jesus to Galilee	https://en.wikipedia.org/wiki/Return_of_Jesus_to_Galilee
Rich man and Lazarus	https://en.wikipedia.org/wiki/Rich_man_and_Lazarus
Road to Emmaus appearance	https://en.wikipedia.org/wiki/Road_to_Emmaus_appearance
Rylands Library Papyrus P52	https://en.wikipedia.org/wiki/Rylands_Library_Papyrus_P52
Saint Anne	https://en.wikipedia.org/wiki/Saint_Anne
Saint Joseph	https://en.wikipedia.org/wiki/Saint_Joseph
Saint Peter	https://en.wikipedia.org/wiki/Saint_Peter
Salome (disciple)	https://en.wikipedia.org/wiki/Salome_(disciple)
Salt and light	https://en.wikipedia.org/wiki/Salt_and_light
Samaritan woman at the well	https://en.wikipedia.org/wiki/Samaritan_woman_at_the_well
Sanhedrin trial of Jesus	https://en.wikipedia.org/wiki/Sanhedrin_trial_of_Jesus
Scourge	https://en.wikipedia.org/wiki/Scourge
Sea of Galilee	https://en.wikipedia.org/wiki/Sea_of_Galilee
Second Apocalypse of John	https://en.wikipedia.org/wiki/Second_Apocalypse_of_John
Secret Gospel of Mark	https://en.wikipedia.org/wiki/Secret_Gospel_of_Mark
Sermon on the Mount	https://en.wikipedia.org/wiki/Sermon_on_the_Mount
Sermon on the Plain	https://en.wikipedia.org/wiki/Sermon_on_the_Plain
Seventy disciples	https://en.wikipedia.org/wiki/Seventy_disciples
Shechem (Sychar)	https://en.wikipedia.org/wiki/Shechem
Shroud of Turin	https://en.wikipedia.org/wiki/Shroud_of_Turin
Sidon	https://en.wikipedia.org/wiki/Sidon
Sign of Jonah	https://en.wikipedia.org/wiki/Sign_of_Jonah
Sign of the Dove	https://en.wikipedia.org/wiki/Sign_of_the_Dove
Signs Gospel	https://en.wikipedia.org/wiki/Signs_Gospel
Simon the Leper	https://en.wikipedia.org/wiki/Simon_the_Leper
Simon the Zealot	https://en.wikipedia.org/wiki/Simon_the_Zealot
Skeireins	https://en.wikipedia.org/wiki/Skeireins
Son of man (Christianity)	https://en.wikipedia.org/wiki/Son_of_man_(Christianity)
Sources for the historicity of Jesus	https://en.wikipedia.org/wiki/Sources_for_the_historicity_of_Jesus
Star Street	https://en.wikipedia.org/wiki/Star_Street
Statuette of the Good Shepherd	https://en.wikipedia.org/wiki/Statuette_of_the_Good_Shepherd
Sunday Letter	https://en.wikipedia.org/wiki/Sunday_Letter
Susanna (disciple)	https://en.wikipedia.org/wiki/Susanna_(disciple)
Synoptic Gospels	https://en.wikipedia.org/wiki/Synoptic_Gospels
Syriac apocalyptic literature	https://en.wikipedia.org/wiki/Syriac_apocalyptic_literature
Tacitus on Jesus	https://en.wikipedia.org/wiki/Tacitus_on_Jesus
Tamim ibn Murr	https://en.wikipedia.org/wiki/Tamim_ibn_Murr
Teachings of Jesus	https://en.wikipedia.org/wiki/Teachings_of_Jesus
Teachings of Silvanus	https://en.wikipedia.org/wiki/Teachings_of_Silvanus
Temptation of Christ	https://en.wikipedia.org/wiki/Temptation_of_Christ
Tenebrae	https://en.wikipedia.org/wiki/Tenebrae
Tetraevangelion	https://en.wikipedia.org/wiki/Tetraevangelion
Textual variants in the Gospel of John	https://en.wikipedia.org/wiki/Textual_variants_in_the_Gospel_of_John
That they all may be one	https://en.wikipedia.org/wiki/That_they_all_may_be_one
The Apocryphal Gospels: Texts and Translations	https://en.wikipedia.org/wiki/The_Apocryphal_Gospels:_Texts_and_Translations
The Aquarian Gospel of Jesus the Christ	https://en.wikipedia.org/wiki/The_Aquarian_Gospel_of_Jesus_the_Christ
The Birds of the Air	https://en.wikipedia.org/wiki/The_Birds_of_the_Air
The Dolorous Passion of Our Lord Jesus Christ	https://en.wikipedia.org/wiki/The_Dolorous_Passion_of_Our_Lord_Jesus_Christ
The Garden Tomb	https://en.wikipedia.org/wiki/The_Garden_Tomb
The Good Samaritan Window, Chartres Cathedral	https://en.wikipedia.org/wiki/The_Good_Samaritan_Window,_Chartres_Cathedral
The Gospel According to John (Pillar New Testament Commentary)	https://en.wikipedia.org/wiki/The_Gospel_According_to_John_(Pillar_New_Testament_Commentary)
The Gospel of John (2003 film)	https://en.wikipedia.org/wiki/The_Gospel_of_John_(2003_film)
The Gospel of John (2014 film)	https://en.wikipedia.org/wiki/The_Gospel_of_John_(2014_film)
The Grain of Wheat	https://en.wikipedia.org/wiki/The_Grain_of_Wheat
The More Abundant Life	https://en.wikipedia.org/wiki/The_More_Abundant_Life
The Mote and the Beam	https://en.wikipedia.org/wiki/The_Mote_and_the_Beam
The Parables of Our Lord and Saviour Jesus Christ	https://en.wikipedia.org/wiki/The_Parables_of_Our_Lord_and_Saviour_Jesus_Christ
The Resurrection (Fazzini)	https://en.wikipedia.org/wiki/The_Resurrection_(Fazzini)
The Sermon on the Mount (book)	https://en.wikipedia.org/wiki/The_Sermon_on_the_Mount_(book)
The Sheep and the Goats	https://en.wikipedia.org/wiki/The_Sheep_and_the_Goats
The Shepherd of Hermas	https://en.wikipedia.org/wiki/The_Shepherd_of_Hermas
The Three Marys	https://en.wikipedia.org/wiki/The_Three_Marys
The Tree and Its Fruits	https://en.wikipedia.org/wiki/The_Tree_and_Its_Fruits
The blind leading the blind	https://en.wikipedia.org/wiki/The_blind_leading_the_blind
The four woes of Jesus	https://en.wikipedia.org/wiki/The_four_woes_of_Jesus
The gospel	https://en.wikipedia.org/wiki/The_gospel
The truth will set you free	https://en.wikipedia.org/wiki/The_truth_will_set_you_free
Thirty pieces of silver	https://en.wikipedia.org/wiki/Thirty_pieces_of_silver
Thomas the Apostle	https://en.wikipedia.org/wiki/Thomas_the_Apostle
Tomb of Jesus	https://en.wikipedia.org/wiki/Tomb_of_Jesus
Transfiguration of Jesus	https://en.wikipedia.org/wiki/Transfiguration_of_Jesus
Treatise on the Resurrection	https://en.wikipedia.org/wiki/Treatise_on_the_Resurrection
Triumphal entry into Jerusalem	https://en.wikipedia.org/wiki/Triumphal_entry_into_Jerusalem
True Cross	https://en.wikipedia.org/wiki/True_Cross
True Vine	https://en.wikipedia.org/wiki/True_Vine
Turning the other cheek	https://en.wikipedia.org/wiki/Turning_the_other_cheek
Twelve Apostles Stone Circle	https://en.wikipedia.org/wiki/Twelve_Apostles_Stone_Circle
Twelve Apostles in art	https://en.wikipedia.org/wiki/Twelve_Apostles_in_art
Tyre, Lebanon	https://en.wikipedia.org/wiki/Tyre,_Lebanon
Umm Qais	https://en.wikipedia.org/wiki/Umm_Qais
Via et veritas et vita	https://en.wikipedia.org/wiki/Via_et_veritas_et_vita
Vindicta Salvatoris	https://en.wikipedia.org/wiki/Vindicta_Salvatoris
Visit the main page [ctrl-option-z]	https://en.wikipedia.org/wiki/Main_Page
Water of Life (Christianity)	https://en.wikipedia.org/wiki/Water_of_Life_(Christianity)
Water of Life Discourse	https://en.wikipedia.org/wiki/Water_of_Life_Discourse
Whitesmith maze	https://en.wikipedia.org/wiki/Whitesmith_maze
Woes of the Pharisees	https://en.wikipedia.org/wiki/Woes_of_the_Pharisees
Woes to the unrepentant cities	https://en.wikipedia.org/wiki/Woes_to_the_unrepentant_cities
Wolf in sheep's clothing	https://en.wikipedia.org/wiki/Wolf_in_sheep%27s_clothing
Women at the crucifixion	https://en.wikipedia.org/wiki/Women_at_the_crucifixion
Yesseus Mazareus Yessedekeus	https://en.wikipedia.org/wiki/Yesseus_Mazareus_Yessedekeus
Young man from Nain	https://en.wikipedia.org/wiki/Young_man_from_Nain
Zacchaeus	https://en.wikipedia.org/wiki/Zacchaeus
Zebedee	https://en.wikipedia.org/wiki/Zebedee
